                  epoch,         train/box_loss,         train/cls_loss,         train/dfl_loss,   metrics/precision(B),      metrics/recall(B),       metrics/mAP50(B),    metrics/mAP50-95(B),           val/box_loss,           val/cls_loss,           val/dfl_loss,                 lr/pg0,                 lr/pg1,                 lr/pg2
                      1,                0.25396,                 2.0009,                 1.0265,                0.68969,                0.69571,                0.79702,                0.75852,                0.16787,                 6.3802,                0.20277,               0.080402,             0.00039995,             0.00039995
                      2,                0.20201,                 1.3142,                0.98459,                0.94275,                0.91981,                0.97399,                 0.9733,                0.09556,                 4.6299,                0.12936,               0.060794,             0.00079203,             0.00079203
                      3,                0.17368,                 1.1118,                0.96748,                0.95567,                0.94928,                0.98084,                0.98047,                0.09495,                 2.2793,                0.12787,               0.041178,              0.0011762,              0.0011762
                      4,                0.15465,                0.99059,                0.95461,                0.95831,                0.94968,                  0.983,                0.98254,                0.10073,                 2.4941,                0.13315,               0.021555,              0.0015524,              0.0015524
                      5,                0.14403,                0.90835,                0.94883,                0.97186,                0.95104,                0.98499,                0.98475,                0.09024,                 1.7175,                0.12579,               0.001923,              0.0019208,              0.0019208
                      6,                0.13202,                 0.8337,                0.94256,                0.97616,                0.94843,                0.98552,                0.98519,                 0.0818,                 1.5011,                0.11675,               0.001901,               0.001901,               0.001901
                      7,                0.12354,                0.77895,                0.93718,                0.97943,                 0.9481,                 0.9861,                0.98579,                 0.0831,                 1.3524,                0.11804,              0.0018812,              0.0018812,              0.0018812
                      8,                0.11677,                0.73336,                0.93426,                0.98064,                0.94729,                0.98596,                0.98567,                0.07816,                 1.2791,                0.11235,              0.0018614,              0.0018614,              0.0018614
                      9,                0.11325,                0.71932,                0.93275,                0.97868,                0.94942,                0.98597,                0.98568,                0.07997,                 1.2586,                 0.1159,              0.0018416,              0.0018416,              0.0018416
                     10,                0.10915,                0.68535,                0.93154,                0.96777,                0.95925,                0.98605,                0.98577,                0.08361,                 1.1626,                0.12257,              0.0018218,              0.0018218,              0.0018218
                     11,                    inf,                0.65581,                 0.9282,                0.95391,                0.97507,                0.98608,                0.98577,                0.08481,                 1.1284,                0.12633,               0.001802,               0.001802,               0.001802
                     12,                 0.1001,                0.64055,                0.92671,                0.95629,                0.97251,                0.98603,                0.98575,                  0.084,                  1.102,                0.12732,              0.0017822,              0.0017822,              0.0017822
                     13,                0.09885,                0.62917,                0.92507,                0.95765,                0.97065,                0.98614,                0.98586,                0.08669,                 1.0954,                0.13219,              0.0017624,              0.0017624,              0.0017624
                      1,                0.25174,                 2.0027,                 1.0245,                 0.5905,                0.59229,                0.63342,                0.63242,                0.08798,                 14.458,                0.12619,               0.080402,             0.00039995,             0.00039995
                      2,                0.19827,                 1.2947,                0.98126,                0.92725,                0.92024,                0.97443,                0.97221,                0.11548,                 4.0598,                0.15937,               0.060786,             0.00078412,             0.00078412
                      3,                0.17285,                 1.0923,                0.96604,                0.95369,                0.94258,                0.97878,                0.97734,                0.10426,                 2.7848,                0.14389,               0.041155,              0.0011524,              0.0011524
                      1,                0.25479,                  2.089,                 1.0281,                0.71634,                0.70629,                0.84706,                0.82975,                0.13314,                 11.551,                0.17861,               0.080402,             0.00039995,             0.00039995
                      2,                0.20182,                 1.3679,                0.98308,                0.90863,                0.91212,                0.96954,                0.96725,                0.11917,                 4.4743,                0.15828,               0.060786,             0.00078412,             0.00078412
                      3,                0.17333,                 1.1537,                0.96675,                0.95007,                0.94588,                0.97894,                0.97836,                0.10455,                 3.5293,                0.13992,               0.041155,              0.0011524,              0.0011524
                      4,                 0.1531,                 1.0307,                0.95253,                0.94935,                0.94845,                0.98129,                0.98053,                0.10871,                 2.4142,                 0.1405,               0.021507,              0.0015049,              0.0015049
                      5,                0.14039,                0.93088,                0.94744,                 0.9555,                  0.952,                0.98335,                0.98284,                0.10046,                 2.0611,                0.13202,              0.0018438,              0.0018416,              0.0018416
                      6,                0.13102,                0.84891,                0.94208,                0.95189,                0.96502,                 0.9854,                0.98498,                 0.0973,                 1.7798,                0.12464,               0.001802,               0.001802,               0.001802
                      7,                0.12128,                0.79581,                0.93666,                0.96799,                0.95461,                0.98605,                0.98556,                 0.0889,                 1.5403,                0.11625,              0.0017624,              0.0017624,              0.0017624
                      8,                0.11656,                0.74942,                0.93349,                0.96655,                0.96065,                0.98642,                0.98592,                0.09108,                 1.4232,                0.12188,              0.0017228,              0.0017228,              0.0017228
                      9,                0.11028,                0.71114,                0.93045,                0.96853,                0.95967,                0.98663,                0.98619,                0.08699,                 1.3997,                0.11922,              0.0016832,              0.0016832,              0.0016832
                     10,                0.10376,                0.68417,                0.92681,                0.96531,                0.96219,                0.98682,                 0.9866,                0.08216,                 1.3197,                0.11567,              0.0016436,              0.0016436,              0.0016436
                     11,                0.09942,                0.65706,                0.92443,                0.96958,                0.96071,                0.98706,                 0.9868,                0.08074,                  1.247,                  0.115,               0.001604,               0.001604,               0.001604
                     12,                0.09587,                0.63829,                0.92315,                0.96531,                0.96551,                0.98717,                0.98691,                0.08129,                 1.2072,                0.11627,              0.0015644,              0.0015644,              0.0015644
                     13,                0.09286,                0.61623,                0.92156,                 0.9622,                0.96968,                0.98731,                0.98705,                0.08139,                 1.1784,                0.11732,              0.0015248,              0.0015248,              0.0015248
                     14,                0.09124,                0.60797,                0.91956,                0.96591,                0.96678,                0.98739,                0.98713,                0.08313,                 1.1015,                0.11986,              0.0014852,              0.0014852,              0.0014852
                     15,                0.08844,                 0.5946,                0.91891,                0.96575,                0.96869,                0.98752,                0.98729,                0.08441,                 1.0547,                0.12147,              0.0014456,              0.0014456,              0.0014456
                     16,                    inf,                0.57651,                0.91726,                0.96242,                0.97349,                0.98756,                0.98731,                0.08356,                  1.027,                0.12104,               0.001406,               0.001406,               0.001406
                     17,                 0.0833,                0.56763,                  0.917,                0.96188,                0.97445,                0.98755,                0.98727,                0.08412,                 1.0093,                0.12179,              0.0013664,              0.0013664,              0.0013664
                     18,                 0.0803,                0.55439,                0.91492,                0.95923,                0.97732,                0.98759,                0.98734,                0.08461,                0.96776,                0.12241,              0.0013268,              0.0013268,              0.0013268
                     19,                0.07815,                0.54607,                0.91327,                0.95895,                0.97808,                0.98772,                0.98746,                0.08298,                0.93942,                0.12094,              0.0012872,              0.0012872,              0.0012872
                     20,                 0.0774,                0.53595,                0.91254,                0.95927,                0.97851,                 0.9878,                0.98753,                  0.082,                0.93154,                 0.1189,              0.0012476,              0.0012476,              0.0012476
                     21,                0.07354,                0.52021,                0.91084,                0.95894,                0.97872,                0.98799,                0.98776,                0.08112,                 0.9116,                0.11721,               0.001208,               0.001208,               0.001208
                     22,                    inf,                0.51958,                0.91235,                 0.9824,                0.95878,                 0.9881,                0.98788,                0.08109,                0.88851,                0.11641,              0.0011684,              0.0011684,              0.0011684
                     23,                    inf,                0.50616,                0.90882,                 0.9842,                0.95834,                0.98813,                0.98791,                0.08038,                0.86282,                0.11441,              0.0011288,              0.0011288,              0.0011288
                     24,                0.06917,                0.50139,                0.90763,                0.98602,                0.95906,                0.98826,                0.98807,                0.08011,                0.84565,                 0.1127,              0.0010892,              0.0010892,              0.0010892
                     25,                0.06681,                0.48976,                0.90748,                0.98801,                0.95848,                 0.9883,                0.98811,                0.07966,                0.81779,                0.11076,              0.0010496,              0.0010496,              0.0010496
                     26,                0.06676,                0.48315,                0.90729,                0.98407,                0.96296,                0.98823,                0.98808,                0.07991,                0.79602,                0.10975,                0.00101,                0.00101,                0.00101
                     27,                0.06332,                0.47024,                0.90584,                0.98544,                0.96189,                0.98832,                0.98817,                0.07876,                0.77579,                0.10744,              0.0009704,              0.0009704,              0.0009704
                     28,                 0.0634,                0.47119,                 0.9067,                0.98574,                0.96237,                0.98827,                0.98813,                0.07673,                0.75632,                0.10449,              0.0009308,              0.0009308,              0.0009308
                     29,                    inf,                 0.4647,                0.90555,                0.98679,                0.96296,                0.98838,                0.98823,                0.07365,                0.71497,                0.10053,              0.0008912,              0.0008912,              0.0008912
                     30,                0.06137,                0.45788,                0.90465,                0.98851,                 0.9625,                0.98857,                0.98842,                0.07173,                0.68167,                0.09769,              0.0008516,              0.0008516,              0.0008516
                     31,                    inf,                0.45402,                0.90509,                0.98914,                 0.9624,                0.98884,                0.98872,                0.07167,                0.64587,                0.09685,               0.000812,               0.000812,               0.000812
                     32,                0.05863,                0.44296,                0.90395,                0.99049,                0.96132,                0.98897,                0.98884,                0.06907,                 0.6083,                0.09334,              0.0007724,              0.0007724,              0.0007724
                     33,                    inf,                0.43956,                0.90413,                0.98617,                0.96572,                0.98906,                0.98893,                0.06636,                0.57078,                0.08976,              0.0007328,              0.0007328,              0.0007328
                     34,                0.05641,                0.42958,                 0.9035,                0.98663,                0.96572,                0.98907,                0.98894,                0.06472,                0.54371,                0.08769,              0.0006932,              0.0006932,              0.0006932
                     35,                0.05532,                0.42928,                0.90169,                0.98694,                0.96647,                0.98919,                0.98907,                0.06298,                0.51467,                0.08576,              0.0006536,              0.0006536,              0.0006536
                     36,                0.05577,                0.42349,                 0.9031,                0.98634,                 0.9668,                0.98928,                0.98918,                0.06187,                0.48417,                0.08429,               0.000614,               0.000614,               0.000614
                     37,                0.05325,                0.41764,                0.90129,                0.96868,                0.98431,                0.98935,                0.98926,                0.06146,                0.45441,                0.08341,              0.0005744,              0.0005744,              0.0005744
                     38,                    inf,                0.40553,                0.90119,                0.96697,                0.98551,                0.98939,                 0.9893,                0.05981,                0.43005,                0.08103,              0.0005348,              0.0005348,              0.0005348
                     39,                0.04996,                0.39769,                0.89928,                0.96916,                0.98452,                 0.9894,                0.98931,                0.05827,                0.41503,                0.07876,              0.0004952,              0.0004952,              0.0004952
                     40,                0.05012,                0.39692,                 0.8997,                0.96982,                0.98515,                0.98953,                0.98948,                0.05661,                0.39236,                0.07656,              0.0004556,              0.0004556,              0.0004556
                     41,                    inf,                0.14208,                0.88836,                0.97154,                 0.9835,                 0.9897,                0.98968,                0.05417,                0.36275,                0.07312,               0.000416,               0.000416,               0.000416
                     42,                0.02523,                 0.1233,                0.89004,                0.97229,                0.98509,                0.98977,                0.98975,                0.05257,                0.33696,                0.07031,              0.0003764,              0.0003764,              0.0003764
                     43,                0.02187,                0.11035,                0.88584,                0.97174,                0.98473,                 0.9898,                0.98978,                0.05195,                0.31952,                0.06867,              0.0003368,              0.0003368,              0.0003368
                     44,                0.02049,                0.10954,                 0.8904,                0.97173,                  0.985,                0.98982,                0.98982,                0.05116,                0.30112,                0.06704,              0.0002972,              0.0002972,              0.0002972
                     45,                 0.0191,                0.09306,                0.89016,                0.97372,                0.98532,                0.98994,                0.98994,                0.04983,                0.28466,                0.06499,              0.0002576,              0.0002576,              0.0002576
                     46,                0.01826,                0.09356,                0.88645,                 0.9752,                0.98451,                0.99001,                0.99001,                0.04828,                0.26767,                0.06272,               0.000218,               0.000218,               0.000218
                     47,                0.01738,                0.08082,                0.88852,                0.97599,                0.98412,                0.99008,                0.99008,                 0.0474,                0.24989,                0.06137,              0.0001784,              0.0001784,              0.0001784
                     48,                0.01616,                0.08251,                0.88948,                0.97549,                0.98488,                0.99018,                0.99018,                0.04719,                0.23871,                0.06087,              0.0001388,              0.0001388,              0.0001388
                     49,                0.01592,                0.07838,                 0.8904,                0.97518,                0.98518,                0.99018,                0.99018,                0.04818,                0.23196,                0.06179,               9.92e-05,               9.92e-05,               9.92e-05
                     50,                    inf,                0.07117,                0.88943,                0.97491,                0.98546,                0.99024,                0.99024,                 0.0498,                0.22756,                0.06349,               5.96e-05,               5.96e-05,               5.96e-05
                      1,                0.23321,                 1.9497,                 1.0151,                0.60505,                0.62705,                 0.7279,                0.72224,                0.08709,                 27.939,                 0.1332,               0.080404,             0.00039991,             0.00039991
                      2,                0.18635,                 1.2093,                 0.9716,                0.85119,                0.84972,                0.94364,                0.94175,                0.10568,                 10.596,                0.14801,               0.060797,             0.00079199,             0.00079199
                      3,                0.16567,                 1.0348,                0.95979,                0.94355,                0.95203,                0.98207,                0.98009,                0.09456,                 4.1023,                 0.1288,               0.041181,              0.0011762,              0.0011762
                      4,                0.15243,                0.92844,                0.95233,                0.97422,                0.94408,                0.98441,                0.98365,                0.09769,                   3.07,                0.13014,               0.021557,              0.0015524,              0.0015524
                      5,                0.13782,                0.83321,                0.94363,                0.97772,                0.95169,                0.98668,                0.98587,                0.09359,                 2.1717,                 0.1259,              0.0019253,              0.0019207,              0.0019207
                      6,                0.12982,                0.76999,                0.93956,                0.97756,                0.95628,                0.98792,                0.98743,                0.10529,                 1.7613,                0.13848,               0.001901,               0.001901,               0.001901
                      7,                0.12177,                0.72245,                0.93439,                0.95748,                0.97713,                0.98774,                0.98703,                0.09065,                 1.7009,                0.12187,              0.0018812,              0.0018812,              0.0018812
                      8,                0.11555,                0.68376,                0.93277,                 0.9806,                0.96011,                0.98801,                0.98771,                0.08547,                 1.3856,                0.11483,              0.0018614,              0.0018614,              0.0018614
                      9,                0.10976,                0.65836,                0.92941,                0.98499,                0.95767,                0.98809,                0.98775,                0.09145,                 1.3092,                0.12149,              0.0018416,              0.0018416,              0.0018416
                     10,                0.10562,                0.63592,                0.92714,                0.98549,                0.95699,                0.98829,                0.98804,                0.08529,                 1.3502,                 0.1122,              0.0018218,              0.0018218,              0.0018218
                     11,                0.10242,                0.61376,                0.92648,                0.98631,                0.95733,                0.98856,                0.98836,                0.08246,                 1.2832,                0.10882,               0.001802,               0.001802,               0.001802
                     12,                0.09915,                0.59599,                 0.9231,                0.98585,                0.95798,                0.98863,                0.98841,                0.08629,                 1.2077,                0.11482,              0.0017822,              0.0017822,              0.0017822
                     13,                0.09658,                0.58296,                0.92274,                0.96033,                0.98446,                0.98882,                0.98859,                0.08693,                 1.1411,                0.11504,              0.0017624,              0.0017624,              0.0017624
                     14,                0.09265,                0.56464,                0.92039,                0.96214,                0.98384,                  0.989,                0.98878,                0.08506,                  1.103,                0.11324,              0.0017426,              0.0017426,              0.0017426
                     15,                0.09223,                 0.5542,                0.92119,                0.96284,                0.98426,                0.98915,                0.98892,                0.08409,                  1.009,                0.11206,              0.0017228,              0.0017228,              0.0017228
                     16,                0.08945,                0.54449,                 0.9188,                 0.9638,                  0.984,                0.98924,                0.98898,                0.08157,                0.97372,                0.11002,               0.001703,               0.001703,               0.001703
                     17,                0.08769,                0.53458,                0.91917,                0.96423,                0.98253,                0.98921,                0.98896,                0.07991,                0.96046,                0.10905,              0.0016832,              0.0016832,              0.0016832
                     18,                0.08436,                0.51863,                0.91712,                0.96536,                0.98304,                0.98925,                0.98901,                0.08034,                0.91722,                0.10986,              0.0016634,              0.0016634,              0.0016634
                     19,                0.08144,                0.50933,                0.91399,                0.96712,                0.98309,                0.98926,                  0.989,                0.07953,                0.88473,                 0.1092,              0.0016436,              0.0016436,              0.0016436
                     20,                0.07942,                0.50347,                0.91338,                0.96772,                 0.9833,                0.98933,                0.98909,                0.07794,                0.85538,                0.10838,              0.0016238,              0.0016238,              0.0016238
                     21,                0.07857,                0.49931,                0.91298,                0.96743,                0.98331,                0.98935,                0.98913,                 0.0766,                0.87074,                0.10711,               0.001604,               0.001604,               0.001604
                     22,                  0.078,                0.48729,                0.91153,                0.96729,                0.98318,                0.98929,                0.98909,                0.07451,                0.87766,                 0.1056,              0.0015842,              0.0015842,              0.0015842
                     23,                0.07478,                0.47845,                0.91066,                0.97025,                0.97941,                0.98933,                0.98912,                0.07367,                0.86848,                 0.1055,              0.0015644,              0.0015644,              0.0015644
                     24,                    inf,                0.47425,                0.91005,                0.97087,                 0.9805,                0.98934,                0.98915,                0.07394,                0.84608,                0.10547,              0.0015446,              0.0015446,              0.0015446
                     25,                0.07193,                0.47557,                0.90923,                0.97238,                0.97911,                0.98945,                0.98928,                0.07444,                0.86531,                0.10619,              0.0015248,              0.0015248,              0.0015248
                     26,                0.07248,                 0.4631,                0.90888,                 0.9733,                0.97902,                0.98943,                0.98929,                0.07431,                0.85031,                0.10586,               0.001505,               0.001505,               0.001505
                     27,                0.07073,                0.46034,                0.90966,                0.99183,                0.96166,                0.98944,                 0.9893,                0.07419,                0.83044,                0.10554,              0.0014852,              0.0014852,              0.0014852
                     28,                0.07092,                0.45696,                 0.9091,                0.99199,                0.96169,                0.98958,                0.98952,                0.07335,                0.77343,                0.10499,              0.0014654,              0.0014654,              0.0014654
                     29,                  0.068,                0.44781,                0.90666,                0.97095,                 0.9817,                0.98967,                0.98962,                 0.0736,                0.71491,                0.10447,              0.0014456,              0.0014456,              0.0014456
                     30,                0.06779,                0.44611,                 0.9059,                0.97145,                0.98192,                0.98972,                0.98966,                0.07427,                0.66367,                0.10442,              0.0014258,              0.0014258,              0.0014258
                     31,                0.06679,                0.43688,                0.90711,                0.97014,                0.98249,                0.98969,                0.98964,                0.07412,                0.64167,                0.10423,               0.001406,               0.001406,               0.001406
                     32,                0.06669,                0.43883,                0.90614,                0.99035,                0.96404,                0.98975,                0.98971,                0.07322,                0.60758,                0.10256,              0.0013862,              0.0013862,              0.0013862
                     33,                0.06465,                0.43185,                0.90545,                0.96894,                0.98425,                0.98975,                0.98971,                0.07282,                0.55924,                0.10162,              0.0013664,              0.0013664,              0.0013664
                     34,                0.06376,                0.42902,                0.90455,                0.97074,                0.98278,                0.98978,                0.98969,                0.07123,                0.52996,                0.09928,              0.0013466,              0.0013466,              0.0013466
                     35,                    inf,                 0.4243,                0.90438,                0.97011,                0.98289,                0.98981,                0.98976,                0.06902,                0.49862,                0.09581,              0.0013268,              0.0013268,              0.0013268
                     36,                0.06266,                0.41985,                0.90383,                0.96943,                0.98524,                0.98985,                0.98981,                0.06748,                0.46962,                0.09315,               0.001307,               0.001307,               0.001307
                     37,                    inf,                0.41756,                 0.9046,                 0.9702,                0.98557,                0.98991,                0.98987,                0.06689,                0.43429,                0.09103,              0.0012872,              0.0012872,              0.0012872
                     38,                0.06233,                0.41361,                 0.9037,                0.96979,                0.98578,                0.98991,                0.98987,                0.06597,                0.41079,                0.08934,              0.0012674,              0.0012674,              0.0012674
                     39,                0.06047,                0.41035,                0.90314,                0.97019,                 0.9856,                0.98998,                0.98993,                0.06435,                0.40624,                0.08713,              0.0012476,              0.0012476,              0.0012476
                      1,                0.23386,                 1.9069,                 1.0155,                0.81477,                0.76657,                0.87857,                0.86955,                0.08298,                  21.14,                0.13135,               0.080404,             0.00039991,             0.00039991
                      2,                0.18631,                 1.1977,                0.97223,                0.83732,                0.84037,                0.94747,                0.92845,                0.13544,                 9.2772,                0.17584,               0.060789,             0.00078407,             0.00078407
                      3,                0.16821,                 1.0171,                0.96096,                0.94536,                0.94712,                0.98173,                0.97957,                0.11377,                 4.3388,                0.15761,               0.041157,              0.0011524,              0.0011524
                      4,                0.15339,                 0.9142,                0.95334,                0.96733,                0.94975,                0.98517,                0.98477,                0.10294,                 2.5569,                 0.1406,               0.021509,              0.0015049,              0.0015049
                      5,                0.13865,                0.82323,                0.94378,                0.97397,                0.95396,                0.98695,                0.98618,                0.10123,                 2.7348,                0.13742,              0.0018461,              0.0018415,              0.0018415
                      6,                0.12912,                0.75841,                0.93963,                 0.9628,                0.97231,                0.98776,                0.98725,                0.09755,                 2.1137,                0.13632,               0.001802,               0.001802,               0.001802
                      7,                0.11874,                0.70979,                0.93254,                0.97781,                 0.9616,                0.98803,                0.98768,                0.08748,                 1.9485,                 0.1228,              0.0017624,              0.0017624,              0.0017624
                      8,                0.11535,                0.67274,                 0.9338,                0.98283,                0.95952,                0.98836,                0.98804,                0.08862,                 1.5766,                0.12181,              0.0017228,              0.0017228,              0.0017228
                      9,                0.10784,                0.64075,                0.92836,                0.98313,                0.96072,                0.98859,                0.98834,                0.08901,                 1.6182,                0.12135,              0.0016832,              0.0016832,              0.0016832
                     10,                0.10343,                0.62039,                0.92615,                0.98487,                0.96072,                 0.9889,                0.98865,                0.08632,                 1.5912,                0.11777,              0.0016436,              0.0016436,              0.0016436
